File	Id	Catalogue number	Date of publication	Number of entries	Number of desc	Collaborator	
file:/Users/gabaysimon/GitHub/Data_2/CAT_000001.xml	CAT_000001		1845	379	399	Lucie Rondeau du Noyer	Catalogue d'une belle collection d'autographes dont la vente aura lieu le mercredi 14 mai 1845 et jours suivants
file:/Users/gabaysimon/GitHub/Data_2/CAT_000002.xml	CAT_000002	29	1871	189	194	Lucie Rondeau du Noyer	REVUE DES CURIOSITÉS DE L'HISTOIRE ET DE LA BIOGRAPHIE
file:/Users/gabaysimon/GitHub/Data_2/CAT_000003.xml	CAT_000003	507	1919-04	183	199	Lucie Rondeau du Noyer	LETTRES AUTOGRAPHES ET DOCUMENTS HISTORIQUES
file:/Users/gabaysimon/GitHub/Data_2/CAT_000004.xml	CAT_000004			133	137	Lucie Rondeau du Noyer	CATALOGUE d'une précieuse collection de LETTRES AUTOGRAPHES COMPOSANT EN PARTIE LE CABINET D'UN AMATEUR ÉTRANGER (...) dont la vente aura lieu le 30 mai 1986
file:/Users/gabaysimon/GitHub/Data_2/CAT_000005.xml	CAT_000005	3	1856-10	137	143	Lucie Rondeau du Noyer	Catalogue de lettres autographes, manuscrits, documents historiques, etc. de A. Laverdet
file:/Users/gabaysimon/GitHub/Data_2/CAT_000006.xml	CAT_000006	24 - deuxième série		461	461	Lucie Rondeau du Noyer	REVUE DES CURIOSITÉS DE L'HISTOIRE ET DE LA BIOGRAPHIE
file:/Users/gabaysimon/GitHub/Data_2/CAT_000007.xml	CAT_000007			1	2	Simon Gabay	Précieux autographes composant la Collection du Président Robert Schuman. Première partie
file:/Users/gabaysimon/GitHub/Data_2/CAT_000008.xml	CAT_000008		1935	1	1	Simon Gabay	Catalogue de la précieuse collection de lettres autographes composant le cabinet de feu M. Henry Fatio dont la troisième vente aura lieu á Genève
file:/Users/gabaysimon/GitHub/Data_2/CAT_000009.xml	CAT_000009		1932	3	3	Simon Gabay	Catalogue de la précieuse collection de lettres autographes composant la cabinet de feu M. Henry Fatio, dont la deuxième vente…
file:/Users/gabaysimon/GitHub/Data_2/CAT_000010.xml	CAT_000010		1927	1	1	Simon Gabay	Lettres autographes et documents historiques
file:/Users/gabaysimon/GitHub/Data_2/CAT_000011.xml	CAT_000011		1926	1	1	Simon Gabay	Autographs, broadsides & association books of great historical interest & value: books & autographs from the libraries of Isidore Braggiotti, Brookline, Mass., Emanuel Hertz, New York City, the late Col. Jas. H. Manning, Albany, N.Y. & other private collectors
file:/Users/gabaysimon/GitHub/Data_2/CAT_000012.xml	CAT_000012		1918	4	8	Simon Gabay	Catalogue of the Renowned Collection of Autograph Letters and Historical Manuscipts Formed by the Late Alfred Morrison […] The second portion.
file:/Users/gabaysimon/GitHub/Data_2/CAT_000013.xml	CAT_000013		1923	1	1	Simon Gabay	Catalogue d’une précieuse collection de lettres autographes composant la collection de M. H. Fatio
file:/Users/gabaysimon/GitHub/Data_2/CAT_000014.xml	CAT_000014		1904	1	2	Simon Gabay	Catalogue of Autograph Letters and Historical Documents
file:/Users/gabaysimon/GitHub/Data_2/CAT_000015.xml	CAT_000015		1949	1	2	Simon Gabay	Autographes précieux provenant de la Collection de Madame Whitney-Hoff
file:/Users/gabaysimon/GitHub/Data_2/CAT_000016.xml	CAT_000016		1919	1	1	Simon Gabay	Lettres autographes et documents historiques
file:/Users/gabaysimon/GitHub/Data_2/CAT_000017.xml	CAT_000017		1871	1	1	Simon Gabay	Catalogue de la belle collection de lettres autographes composant le cabinet de feu M. R. Merlin
file:/Users/gabaysimon/GitHub/Data_2/CAT_000018.xml	CAT_000018	37	1873-08	192	192	Lucie Rondeau du Noyer	REVUE DES CURIOSITÉS DE L'HISTOIRE ET DE LA BIOGRAPHIE
file:/Users/gabaysimon/GitHub/Data_2/CAT_000019.xml	CAT_000019	19	1868-12	163	165	Lucie Rondeau du Noyer	REVUE DES CURIOSITÉS DE L'HISTOIRE ET DE LA BIOGRAPHIE
file:/Users/gabaysimon/GitHub/Data_2/CAT_000020.xml	CAT_000020	21	1869-03	218	218	Lucie Rondeau du Noyer	REVUE DES CURIOSITÉS DE L'HISTOIRE ET DE LA BIOGRAPHIE
file:/Users/gabaysimon/GitHub/Data_2/CAT_000021.xml	CAT_000021	22	1869-05	207	207	Lucie Rondeau du Noyer	REVUE DES CURIOSITÉS DE L'HISTOIRE ET DE LA BIOGRAPHIE
file:/Users/gabaysimon/GitHub/Data_2/CAT_000022.xml	CAT_000022	23	1869-10	225	226	Lucie Rondeau du Noyer	REVUE DES CURIOSITÉS DE L'HISTOIRE ET DE LA BIOGRAPHIE
file:/Users/gabaysimon/GitHub/Data_2/CAT_000023.xml	CAT_000023	24	1869-12	166	166	Lucie Rondeau du Noyer	REVUE DES CURIOSITÉS DE L'HISTOIRE ET DE LA BIOGRAPHIE
file:/Users/gabaysimon/GitHub/Data_2/CAT_000024.xml	CAT_000024	30	1872-04	175	175	Lucie Rondeau du Noyer	REVUE DES CURIOSITÉS DE L'HISTOIRE ET DE LA BIOGRAPHIE
file:/Users/gabaysimon/GitHub/Data_2/CAT_000025.xml	CAT_000025	31	1872-05	174	176	Lucie Rondeau du Noyer	REVUE DES CURIOSITÉS DE L'HISTOIRE ET DE LA BIOGRAPHIE
file:/Users/gabaysimon/GitHub/Data_2/CAT_000026.xml	CAT_000026	32	1872-08	203	203	Lucie Rondeau du Noyer	REVUE DES CURIOSITÉS DE L'HISTOIRE ET DE LA BIOGRAPHIE
file:/Users/gabaysimon/GitHub/Data_2/CAT_000027.xml	CAT_000027	33	1872-11	120	121	Lucie Rondeau du Noyer	REVUE DES CURIOSITÉS DE L'HISTOIRE ET DE LA BIOGRAPHIE
file:/Users/gabaysimon/GitHub/Data_2/CAT_000028.xml	CAT_000028	34	1873-02	206	207	Lucie Rondeau du Noyer	REVUE DES CURIOSITÉS DE L'HISTOIRE ET DE LA BIOGRAPHIE
file:/Users/gabaysimon/GitHub/Data_2/CAT_000029.xml	CAT_000029	35	1873-05	71	71	Lucie Rondeau du Noyer	REVUE DES CURIOSITÉS DE L'HISTOIRE ET DE LA BIOGRAPHIE
file:/Users/gabaysimon/GitHub/Data_2/CAT_000030.xml	CAT_000030	38	1874-02	240	242	Lucie Rondeau du Noyer	REVUE DES CURIOSITÉS DE L'HISTOIRE ET DE LA BIOGRAPHIE
file:/Users/gabaysimon/GitHub/Data_2/CAT_000031.xml	CAT_000031	39	1874-03	149	149	Lucie Rondeau du Noyer	REVUE DES CURIOSITÉS DE L'HISTOIRE ET DE LA BIOGRAPHIE
file:/Users/gabaysimon/GitHub/Data_2/CAT_000032.xml	CAT_000032	40	1874-05	142	143	Lucie Rondeau du Noyer	REVUE DES CURIOSITÉS DE L'HISTOIRE ET DE LA BIOGRAPHIE
file:/Users/gabaysimon/GitHub/Data_2/CAT_000033.xml	CAT_000033	41	1874-06	180	182	Lucie Rondeau du Noyer	REVUE DES CURIOSITÉS DE L'HISTOIRE ET DE LA BIOGRAPHIE
file:/Users/gabaysimon/GitHub/Data_2/CAT_000034.xml	CAT_000034	43	1875-01	181	181	Lucie Rondeau du Noyer	REVUE DES CURIOSITÉS DE L'HISTOIRE ET DE LA BIOGRAPHIE
file:/Users/gabaysimon/GitHub/Data_2/CAT_000035.xml	CAT_000035	44	1875-03	174	174	Lucie Rondeau du Noyer	REVUE DES CURIOSITÉS DE L'HISTOIRE ET DE LA BIOGRAPHIE
file:/Users/gabaysimon/GitHub/Data_2/CAT_000036.xml	CAT_000036	45	1875-05	40	40	Lucie Rondeau du Noyer	REVUE DES CURIOSITÉS DE L'HISTOIRE ET DE LA BIOGRAPHIE
file:/Users/gabaysimon/GitHub/Data_2/CAT_000037.xml	CAT_000037	36	1873-06	193	195	Lucie Rondeau du Noyer	REVUE DES CURIOSITÉS DE L'HISTOIRE ET DE LA BIOGRAPHIE
file:/Users/gabaysimon/GitHub/Data_2/CAT_000038.xml	CAT_000038	48	1876-07	215	215	Lucie Rondeau du Noyer	REVUE DES CURIOSITÉS DE L'HISTOIRE ET DE LA BIOGRAPHIE
file:/Users/gabaysimon/GitHub/Data_2/CAT_000039.xml	CAT_000039	49	1876-11	115	117	Lucie Rondeau du Noyer	REVUE DES CURIOSITÉS DE L'HISTOIRE ET DE LA BIOGRAPHIE
file:/Users/gabaysimon/GitHub/Data_2/CAT_000040.xml	CAT_000040	51	1877-03	123	124	Lucie Rondeau du Noyer	REVUE DES CURIOSITÉS DE L'HISTOIRE ET DE LA BIOGRAPHIE
file:/Users/gabaysimon/GitHub/Data_2/CAT_000041.xml	CAT_000041	52	1877-05	152	152	Lucie Rondeau du Noyer	REVUE DES CURIOSITÉS DE L'HISTOIRE ET DE LA BIOGRAPHIE
file:/Users/gabaysimon/GitHub/Data_2/CAT_000042.xml	CAT_000042	53	1878-02	133	133	Lucie Rondeau du Noyer	REVUE DES CURIOSITÉS DE L'HISTOIRE ET DE LA BIOGRAPHIE
file:/Users/gabaysimon/GitHub/Data_2/CAT_000043.xml	CAT_000043	54	1878-06	179	186	Lucie Rondeau du Noyer	REVUE DES CURIOSITÉS DE L'HISTOIRE ET DE LA BIOGRAPHIE
file:/Users/gabaysimon/GitHub/Data_2/CAT_000044.xml	CAT_000044	55	1878-12	212	212	Lucie Rondeau du Noyer	REVUE DES CURIOSITÉS DE L'HISTOIRE ET DE LA BIOGRAPHIE
file:/Users/gabaysimon/GitHub/Data_2/CAT_000045.xml	CAT_000045	56	1879-03	189	191	Lucie Rondeau du Noyer	REVUE DES CURIOSITÉS DE L'HISTOIRE ET DE LA BIOGRAPHIE
file:/Users/gabaysimon/GitHub/Data_2/CAT_000046.xml	CAT_000046	57	1879-07	140	140	Lucie Rondeau du Noyer	REVUE DES CURIOSITÉS DE L'HISTOIRE ET DE LA BIOGRAPHIE
file:/Users/gabaysimon/GitHub/Data_2/CAT_000047.xml	CAT_000047	58	1879-11	259	274	Lucie Rondeau du Noyer	REVUE DES CURIOSITÉS DE L'HISTOIRE ET DE LA BIOGRAPHIE
file:/Users/gabaysimon/GitHub/Data_2/CAT_000048.xml	CAT_000048	59	1879-12	223	227	Lucie Rondeau du Noyer	REVUE DES CURIOSITÉS DE L'HISTOIRE ET DE LA BIOGRAPHIE
file:/Users/gabaysimon/GitHub/Data_2/CAT_000049.xml	CAT_000049	61	1880-03	187	187	Lucie Rondeau du Noyer	REVUE DES CURIOSITÉS DE L'HISTOIRE ET DE LA BIOGRAPHIE
file:/Users/gabaysimon/GitHub/Data_2/CAT_000050.xml	CAT_000050	62	1880-05	180	181	Lucie Rondeau du Noyer	REVUE DES CURIOSITÉS DE L'HISTOIRE ET DE LA BIOGRAPHIE
file:/Users/gabaysimon/GitHub/Data_2/CAT_000051.xml	CAT_000051	63	1880-07	167	181	Lucie Rondeau du Noyer	REVUE DES CURIOSITÉS DE L'HISTOIRE ET DE LA BIOGRAPHIE
file:/Users/gabaysimon/GitHub/Data_2/CAT_000052.xml	CAT_000052	64	1880-10	210	213	Lucie Rondeau du Noyer	REVUE DES CURIOSITÉS DE L'HISTOIRE ET DE LA BIOGRAPHIE
file:/Users/gabaysimon/GitHub/Data_2/CAT_000053.xml	CAT_000053	65	1880-11	220	220	Lucie Rondeau du Noyer	REVUE DES CURIOSITÉS DE L'HISTOIRE ET DE LA BIOGRAPHIE
file:/Users/gabaysimon/GitHub/Data_2/CAT_000054.xml	CAT_000054	66	1881-01	150	150	Lucie Rondeau du Noyer	REVUE DES CURIOSITÉS DE L'HISTOIRE ET DE LA BIOGRAPHIE
file:/Users/gabaysimon/GitHub/Data_2/CAT_000055.xml	CAT_000055	67	1881-03	193	193	Lucie Rondeau du Noyer	REVUE DES CURIOSITÉS DE L'HISTOIRE ET DE LA BIOGRAPHIE
file:/Users/gabaysimon/GitHub/Data_2/CAT_000056.xml	CAT_000056	68	1881-05	127	127	Lucie Rondeau du Noyer	REVUE DES CURIOSITÉS DE L'HISTOIRE ET DE LA BIOGRAPHIE
file:/Users/gabaysimon/GitHub/Data_2/CAT_000057.xml	CAT_000057	69	1881-10	99	141	Lucie Rondeau du Noyer	REVUE DES CURIOSITÉS DE L'HISTOIRE ET DE LA BIOGRAPHIE
file:/Users/gabaysimon/GitHub/Data_2/CAT_000058.xml	CAT_000058	70	1881-11	137	137	Lucie Rondeau du Noyer	REVUE DES CURIOSITÉS DE L'HISTOIRE ET DE LA BIOGRAPHIE
file:/Users/gabaysimon/GitHub/Data_2/CAT_000059.xml	CAT_000059	71	1882-02	23	23	Lucie Rondeau du Noyer	REVUE DES CURIOSITÉS DE L'HISTOIRE ET DE LA BIOGRAPHIE
file:/Users/gabaysimon/GitHub/Data_2/CAT_000060.xml	CAT_000060	72	1882-03	38	39	Lucie Rondeau du Noyer	REVUE DES CURIOSITÉS DE L'HISTOIRE ET DE LA BIOGRAPHIE
file:/Users/gabaysimon/GitHub/Data_2/CAT_000061.xml	CAT_000061	73	1882-05	146	147	Lucie Rondeau du Noyer	REVUE DES CURIOSITÉS DE L'HISTOIRE ET DE LA BIOGRAPHIE
file:/Users/gabaysimon/GitHub/Data_2/CAT_000062.xml	CAT_000062	74	1882-10	154	156	Lucie Rondeau du Noyer	REVUE DES CURIOSITÉS DE L'HISTOIRE ET DE LA BIOGRAPHIE
file:/Users/gabaysimon/GitHub/Data_2/CAT_000063.xml	CAT_000063	75	1883-01	148	151	Lucie Rondeau du Noyer	REVUE DES CURIOSITÉS DE L'HISTOIRE ET DE LA BIOGRAPHIE
file:/Users/gabaysimon/GitHub/Data_2/CAT_000064.xml	CAT_000064	77	1883-03	167	167	Lucie Rondeau du Noyer	REVUE DES CURIOSITÉS DE L'HISTOIRE ET DE LA BIOGRAPHIE
file:/Users/gabaysimon/GitHub/Data_2/CAT_000065.xml	CAT_000065	78	1883-04	163	164	Lucie Rondeau du Noyer	REVUE DES CURIOSITÉS DE L'HISTOIRE ET DE LA BIOGRAPHIE
file:/Users/gabaysimon/GitHub/Data_2/CAT_000066.xml	CAT_000066	79	1883-05	45	45	Lucie Rondeau du Noyer	REVUE DES CURIOSITÉS DE L'HISTOIRE ET DE LA BIOGRAPHIE
file:/Users/gabaysimon/GitHub/Data_2/CAT_000067.xml	CAT_000067	80	1883-10	168	169	Lucie Rondeau du Noyer	REVUE DES CURIOSITÉS DE L'HISTOIRE ET DE LA BIOGRAPHIE
file:/Users/gabaysimon/GitHub/Data_2/CAT_000068.xml	CAT_000068	81	1883-12	83	83	Lucie Rondeau du Noyer	REVUE DES CURIOSITÉS DE L'HISTOIRE ET DE LA BIOGRAPHIE
file:/Users/gabaysimon/GitHub/Data_2/CAT_000069.xml	CAT_000069	82	1884-02	217	217	Lucie Rondeau du Noyer	REVUE DES CURIOSITÉS DE L'HISTOIRE ET DE LA BIOGRAPHIE
file:/Users/gabaysimon/GitHub/Data_2/CAT_000070.xml	CAT_000070	83	1884-02	105	106	Lucie Rondeau du Noyer	REVUE DES CURIOSITÉS DE L'HISTOIRE ET DE LA BIOGRAPHIE
file:/Users/gabaysimon/GitHub/Data_2/CAT_000071.xml	CAT_000071	84	1884-04	134	136	Lucie Rondeau du Noyer	REVUE DES CURIOSITÉS DE L'HISTOIRE ET DE LA BIOGRAPHIE
file:/Users/gabaysimon/GitHub/Data_2/CAT_000072.xml	CAT_000072	85	1884-10	140	140	Lucie Rondeau du Noyer	REVUE DES CURIOSITÉS DE L'HISTOIRE ET DE LA BIOGRAPHIE
file:/Users/gabaysimon/GitHub/Data_2/CAT_000073.xml	CAT_000073	86	1884-11	73	95	Lucie Rondeau du Noyer	REVUE DES CURIOSITÉS DE L'HISTOIRE ET DE LA BIOGRAPHIE
file:/Users/gabaysimon/GitHub/Data_2/CAT_000074.xml	CAT_000074	87	1884-12	108	112	Lucie Rondeau du Noyer	REVUE DES CURIOSITÉS DE L'HISTOIRE ET DE LA BIOGRAPHIE
file:/Users/gabaysimon/GitHub/Data_2/CAT_000075.xml	CAT_000075	88	1885-02	198	201	Lucie Rondeau du Noyer	REVUE DES CURIOSITÉS DE L'HISTOIRE ET DE LA BIOGRAPHIE
file:/Users/gabaysimon/GitHub/Data_2/CAT_000076.xml	CAT_000076	89	1885-03	157	160	Lucie Rondeau du Noyer	REVUE DES CURIOSITÉS DE L'HISTOIRE ET DE LA BIOGRAPHIE
file:/Users/gabaysimon/GitHub/Data_2/CAT_000077.xml	CAT_000077	90	1885-04	187	188	Lucie Rondeau du Noyer	REVUE DES CURIOSITÉS DE L'HISTOIRE ET DE LA BIOGRAPHIE
file:/Users/gabaysimon/GitHub/Data_2/CAT_000078.xml	CAT_000078	91	1885-05	125	133	Lucie Rondeau du Noyer	REVUE DES CURIOSITÉS DE L'HISTOIRE ET DE LA BIOGRAPHIE
file:/Users/gabaysimon/GitHub/Data_2/CAT_000079.xml	CAT_000079	92	1885-09	185	185	Lucie Rondeau du Noyer	REVUE DES CURIOSITÉS DE L'HISTOIRE ET DE LA BIOGRAPHIE
file:/Users/gabaysimon/GitHub/Data_2/CAT_000080.xml	CAT_000080	93	1885-10	183	188	Lucie Rondeau du Noyer	REVUE DES CURIOSITÉS DE L'HISTOIRE ET DE LA BIOGRAPHIE
file:/Users/gabaysimon/GitHub/Data_2/CAT_000081.xml	CAT_000081	25	1870-03	167	167	Lucie Rondeau du Noyer	REVUE DES CURIOSITÉS DE L'HISTOIRE ET DE LA BIOGRAPHIE
file:/Users/gabaysimon/GitHub/Data_2/CAT_000082.xml	CAT_000082	26	1870-07	220	220	Lucie Rondeau du Noyer	REVUE DES CURIOSITÉS DE L'HISTOIRE ET DE LA BIOGRAPHIE
file:/Users/gabaysimon/GitHub/Data_2/CAT_000083.xml	CAT_00003	27	1871-07	245	245	Lucie Rondeau du Noyer	REVUE DES CURIOSITÉS DE L'HISTOIRE ET DE LA BIOGRAPHIE
file:/Users/gabaysimon/GitHub/Data_2/CAT_000084.xml	CAT_000084	50	1877-01	120	123	Lucie Rondeau du Noyer	REVUE DES CURIOSITÉS DE L'HISTOIRE ET DE LA BIOGRAPHIE
file:/Users/gabaysimon/GitHub/Data_2/CAT_000085.xml	CAT_000085	28	1871-08	261	261	Lucie Rondeau du Noyer	REVUE DES CURIOSITÉS DE L'HISTOIRE ET DE LA BIOGRAPHIE
file:/Users/gabaysimon/GitHub/Data_2/CAT_000086.xml	CAT_000086	60	1880-01	198	200	Lucie Rondeau du Noyer	REVUE DES CURIOSITÉS DE L'HISTOIRE ET DE LA BIOGRAPHIE
file:/Users/gabaysimon/GitHub/Data_2/CAT_000087.xml	CAT_000087	94	1885-11	202	214	Lucie Rondeau du Noyer	REVUE DES CURIOSITÉS DE L'HISTOIRE ET DE LA BIOGRAPHIE
file:/Users/gabaysimon/GitHub/Data_2/CAT_000088.xml	CAT_000088	95	1885-12	141	142	Lucie Rondeau du Noyer	REVUE DES CURIOSITÉS DE L'HISTOIRE ET DE LA BIOGRAPHIE
file:/Users/gabaysimon/GitHub/Data_2/CAT_000089.xml	CAT_000089		2019	1	1	Simon Gabay	Lettres et manuscrits autographes
file:/Users/gabaysimon/GitHub/Data_2/CAT_000090.xml	CAT_000090		2019	1	1	Simon Gabay	Lettres et manuscrits autographes
file:/Users/gabaysimon/GitHub/Data_2/CAT_000091.xml	CAT_000091		1822	16	94	Simon Gabay	Catalogue des livres, imprimés et manuscrits de la bibliothèque de feu M. le marquis Germain Garnier
file:/Users/gabaysimon/GitHub/Data_2/CAT_000092.xml	CAT_000092		1824	21	24	Simon Gabay	A catalogue of a valuable collection of autograph letters of distinguished persons from the reign of Elizabeth to that of James II
file:/Users/gabaysimon/GitHub/Data_2/CAT_000093.xml	CAT_000093		1829	1	2	Simon Gabay	Catalogue d'un choix de livres des plus précieux […], manuscrits, autographes  de la bibliothèque de M. le C... J..
file:/Users/gabaysimon/GitHub/Data_2/CAT_000094.xml	CAT_000094		1831	56	56	Simon Gabay	Catalogue de livres rares et curieux et collection de lettres autographes
file:/Users/gabaysimon/GitHub/Data_2/CAT_000095.xml	CAT_000095		1833	1	16	Simon Gabay	Catalogue des livres imprimés et manuscrits et des autographes, composant le cabinet de feu M. de Bruyères Chalabre
file:/Users/gabaysimon/GitHub/Data_2/CAT_000096.xml	CAT_000096		1840	39	40	Simon Gabay	Autographes et manuscrits de M. G. Pixerécourt
file:/Users/gabaysimon/GitHub/Data_2/CAT_000097.xml	CAT_000097		1842	1	2	Simon Gabay	Strawberry Hill, the renowned seat of Horace Walpole. Mr. George Robins is honoured by having been selected by the earl of Waldegrave, to sell by public competition, the valuable contents. 25th Apr., 1842, and 23 following days of Strawberry Hill […]
file:/Users/gabaysimon/GitHub/Data_2/CAT_000098.xml	CAT_000098		1843	4	5	Simon Gabay	Catalogue d’une belle collection de lettres autographes
file:/Users/gabaysimon/GitHub/Data_2/CAT_000099.xml	CAT_000099	96	1886-01	211	211	Simon Gabay	REVUE DES CURIOSITÉS DE L'HISTOIRE ET DE LA BIOGRAPHIE
file:/Users/gabaysimon/GitHub/Data_2/CAT_000100.xml	CAT_000100	97	1886-02	350	348	Simon Gabay	REVUE DES CURIOSITÉS DE L'HISTOIRE ET DE LA BIOGRAPHIE
file:/Users/gabaysimon/GitHub/Data_2/CAT_000101.xml	CAT_000101	98	1886-03	254	257	Simon Gabay	REVUE DES CURIOSITÉS DE L'HISTOIRE ET DE LA BIOGRAPHIE
file:/Users/gabaysimon/GitHub/Data_2/CAT_000102.xml	CAT_000102	99	1886-05	291	297	Simon Gabay	REVUE DES CURIOSITÉS DE L'HISTOIRE ET DE LA BIOGRAPHIE
file:/Users/gabaysimon/GitHub/Data_2/CAT_000103.xml	CAT_000103	100	1886-10	345	348	Simon Gabay	REVUE DES CURIOSITÉS DE L'HISTOIRE ET DE LA BIOGRAPHIE
file:/Users/gabaysimon/GitHub/Data_2/CAT_000104.xml	CAT_000104	101	1886-11	270	271	Simon Gabay	REVUE DES CURIOSITÉS DE L'HISTOIRE ET DE LA BIOGRAPHIE
file:/Users/gabaysimon/GitHub/Data_2/CAT_000105.xml	CAT_000105	102	1886-12	248	248	Simon Gabay	REVUE DES CURIOSITÉS DE L'HISTOIRE ET DE LA BIOGRAPHIE
file:/Users/gabaysimon/GitHub/Data_2/CAT_000106.xml	CAT_000106	103	1887-01	295	295	Simon Gabay	REVUE DES CURIOSITÉS DE L'HISTOIRE ET DE LA BIOGRAPHIE
file:/Users/gabaysimon/GitHub/Data_2/CAT_000107.xml	CAT_000107	104	1887-03	273	273	Simon Gabay	REVUE DES CURIOSITÉS DE L'HISTOIRE ET DE LA BIOGRAPHIE
file:/Users/gabaysimon/GitHub/Data_2/CAT_000108.xml	CAT_000108	105	1887-04	357	357	Simon Gabay	REVUE DES CURIOSITÉS DE L'HISTOIRE ET DE LA BIOGRAPHIE
file:/Users/gabaysimon/GitHub/Data_2/CAT_000109.xml	CAT_000109	106	1887-06	384	384	Simon Gabay	REVUE DES CURIOSITÉS DE L'HISTOIRE ET DE LA BIOGRAPHIE
file:/Users/gabaysimon/GitHub/Data_2/CAT_000110.xml	CAT_000110	107	1887-09	355	368	Simon Gabay	REVUE DES CURIOSITÉS DE L'HISTOIRE ET DE LA BIOGRAPHIE
file:/Users/gabaysimon/GitHub/Data_2/CAT_000111.xml	CAT_000111	108	1887-10	300	301	Simon Gabay	REVUE DES CURIOSITÉS DE L'HISTOIRE ET DE LA BIOGRAPHIE
file:/Users/gabaysimon/GitHub/Data_2/CAT_000112.xml	CAT_000112	109	1887-11	262	262	Simon Gabay	REVUE DES CURIOSITÉS DE L'HISTOIRE ET DE LA BIOGRAPHIE
file:/Users/gabaysimon/GitHub/Data_2/CAT_000113.xml	CAT_000113	110	1887-12	373	376	Simon Gabay	REVUE DES CURIOSITÉS DE L'HISTOIRE ET DE LA BIOGRAPHIE
file:/Users/gabaysimon/GitHub/Data_2/CAT_000114.xml	CAT_000114	111	1888-02	304	304	Simon Gabay	REVUE DES CURIOSITÉS DE L'HISTOIRE ET DE LA BIOGRAPHIE
file:/Users/gabaysimon/GitHub/Data_2/CAT_000115.xml	CAT_000115	112	1888-03	290	292	Simon Gabay	REVUE DES CURIOSITÉS DE L'HISTOIRE ET DE LA BIOGRAPHIE
file:/Users/gabaysimon/GitHub/Data_2/CAT_000116.xml	CAT_000116	113	1888-05	316	318	Simon Gabay	REVUE DES CURIOSITÉS DE L'HISTOIRE ET DE LA BIOGRAPHIE
file:/Users/gabaysimon/GitHub/Data_2/CAT_000117.xml	CAT_000117	114	1888-08	262	263	Simon Gabay	REVUE DES CURIOSITÉS DE L'HISTOIRE ET DE LA BIOGRAPHIE
file:/Users/gabaysimon/GitHub/Data_2/CAT_000118.xml	CAT_000118	115	1888-10	294	306	Simon Gabay	REVUE DES CURIOSITÉS DE L'HISTOIRE ET DE LA BIOGRAPHIE
file:/Users/gabaysimon/GitHub/Data_2/CAT_000119.xml	CAT_000119	116	1888-11	252	252	Simon Gabay	REVUE DES CURIOSITÉS DE L'HISTOIRE ET DE LA BIOGRAPHIE
file:/Users/gabaysimon/GitHub/Data_2/CAT_000120.xml	CAT_000120	117	1888-12	305	309	Simon Gabay	REVUE DES CURIOSITÉS DE L'HISTOIRE ET DE LA BIOGRAPHIE
file:/Users/gabaysimon/GitHub/Data_2/CAT_000121.xml	CAT_000121	118	1889-02	275	275	Simon Gabay	REVUE DES CURIOSITÉS DE L'HISTOIRE ET DE LA BIOGRAPHIE
file:/Users/gabaysimon/GitHub/Data_2/CAT_000122.xml	CAT_000122	119	1889-03	224	225	Simon Gabay	REVUE DES CURIOSITÉS DE L'HISTOIRE ET DE LA BIOGRAPHIE
file:/Users/gabaysimon/GitHub/Data_2/CAT_000123.xml	CAT_000123	120	1889-04	355	355	Simon Gabay	REVUE DES CURIOSITÉS DE L'HISTOIRE ET DE LA BIOGRAPHIE
file:/Users/gabaysimon/GitHub/Data_2/CAT_000124.xml	CAT_000124	121	1889-05	270	270	Simon Gabay	REVUE DES CURIOSITÉS DE L'HISTOIRE ET DE LA BIOGRAPHIE
file:/Users/gabaysimon/GitHub/Data_2/CAT_000125.xml	CAT_000125	122	1889-10	381	382	Simon Gabay	REVUE DES CURIOSITÉS DE L'HISTOIRE ET DE LA BIOGRAPHIE
file:/Users/gabaysimon/GitHub/Data_2/CAT_000126.xml	CAT_000126	123	1889-11	287	287	Simon Gabay	REVUE DES CURIOSITÉS DE L'HISTOIRE ET DE LA BIOGRAPHIE
file:/Users/gabaysimon/GitHub/Data_2/CAT_000127.xml	CAT_000127	124	1889-12	222	226	Simon Gabay	REVUE DES CURIOSITÉS DE L'HISTOIRE ET DE LA BIOGRAPHIE
file:/Users/gabaysimon/GitHub/Data_2/CAT_000128.xml	CAT_000128	125	1890-02	269	275	Simon Gabay	REVUE DES CURIOSITÉS DE L'HISTOIRE ET DE LA BIOGRAPHIE
file:/Users/gabaysimon/GitHub/Data_2/CAT_000129.xml	CAT_000129	126	1890-03	374	376	Simon Gabay	REVUE DES CURIOSITÉS DE L'HISTOIRE ET DE LA BIOGRAPHIE
file:/Users/gabaysimon/GitHub/Data_2/CAT_000130.xml	CAT_000130	127	1890-04	263	267	Simon Gabay	REVUE DES CURIOSITÉS DE L'HISTOIRE ET DE LA BIOGRAPHIE
file:/Users/gabaysimon/GitHub/Data_2/CAT_000131.xml	CAT_000131	128	1890-05	281	282	Simon Gabay	REVUE DES CURIOSITÉS DE L'HISTOIRE ET DE LA BIOGRAPHIE
file:/Users/gabaysimon/GitHub/Data_2/CAT_000132.xml	CAT_000132	129	1890-06	372	372	Simon Gabay	REVUE DES CURIOSITÉS DE L'HISTOIRE ET DE LA BIOGRAPHIE
file:/Users/gabaysimon/GitHub/Data_2/CAT_000133.xml	CAT_000133	130	1890-10	331	334	Simon Gabay	REVUE DES CURIOSITÉS DE L'HISTOIRE ET DE LA BIOGRAPHIE
file:/Users/gabaysimon/GitHub/Data_2/CAT_000134.xml	CAT_000134	131	1890-11	333	336	Simon Gabay	REVUE DES CURIOSITÉS DE L'HISTOIRE ET DE LA BIOGRAPHIE
file:/Users/gabaysimon/GitHub/Data_2/CAT_000135.xml	CAT_000135	132	1890-12	298	301	Simon Gabay	REVUE DES CURIOSITÉS DE L'HISTOIRE ET DE LA BIOGRAPHIE
file:/Users/gabaysimon/GitHub/Data_2/CAT_000136.xml	CAT_000136	133	1891-01	259	261	Simon Gabay	REVUE DES CURIOSITÉS DE L'HISTOIRE ET DE LA BIOGRAPHIE
file:/Users/gabaysimon/GitHub/Data_2/CAT_000137.xml	CAT_000137	134	1891-02	275	281	Simon Gabay	REVUE DES CURIOSITÉS DE L'HISTOIRE ET DE LA BIOGRAPHIE
file:/Users/gabaysimon/GitHub/Data_2/CAT_000138.xml	CAT_000138	135	1891-03	329	330	Simon Gabay	REVUE DES CURIOSITÉS DE L'HISTOIRE ET DE LA BIOGRAPHIE
file:/Users/gabaysimon/GitHub/Data_2/CAT_000139.xml	CAT_000139	136	1891-04	402	405	Simon Gabay	REVUE DES CURIOSITÉS DE L'HISTOIRE ET DE LA BIOGRAPHIE
file:/Users/gabaysimon/GitHub/Data_2/CAT_000140.xml	CAT_000140	137	1891-05	406	406	Simon Gabay	REVUE DES CURIOSITÉS DE L'HISTOIRE ET DE LA BIOGRAPHIE
file:/Users/gabaysimon/GitHub/Data_2/CAT_000141.xml	CAT_000141	138	1891-06	311	313	Simon Gabay	REVUE DES CURIOSITÉS DE L'HISTOIRE ET DE LA BIOGRAPHIE
file:/Users/gabaysimon/GitHub/Data_2/CAT_000142.xml	CAT_000142	139	1891-10	268	282	Simon Gabay	REVUE DES CURIOSITÉS DE L'HISTOIRE ET DE LA BIOGRAPHIE
file:/Users/gabaysimon/GitHub/Data_2/CAT_000143.xml	CAT_000143	140	1891-11	320	338	Simon Gabay	REVUE DES CURIOSITÉS DE L'HISTOIRE ET DE LA BIOGRAPHIE
file:/Users/gabaysimon/GitHub/Data_2/CAT_000144.xml	CAT_000144	141	1891-12	265	270	Simon Gabay	REVUE DES CURIOSITÉS DE L'HISTOIRE ET DE LA BIOGRAPHIE
file:/Users/gabaysimon/GitHub/Data_2/CAT_000145.xml	CAT_000145	142	1892-02	250	257	Simon Gabay	REVUE DES CURIOSITÉS DE L'HISTOIRE ET DE LA BIOGRAPHIE
file:/Users/gabaysimon/GitHub/Data_2/CAT_000146.xml	CAT_000146	143	1892-03	277	284	Simon Gabay	REVUE DES CURIOSITÉS DE L'HISTOIRE ET DE LA BIOGRAPHIE
file:/Users/gabaysimon/GitHub/Data_2/CAT_000147.xml	CAT_000147	144	1892-04	232	235	Simon Gabay	REVUE DES CURIOSITÉS DE L'HISTOIRE ET DE LA BIOGRAPHIE
file:/Users/gabaysimon/GitHub/Data_2/CAT_000148.xml	CAT_000148	145	1892-05	278	284	Simon Gabay	REVUE DES CURIOSITÉS DE L'HISTOIRE ET DE LA BIOGRAPHIE
file:/Users/gabaysimon/GitHub/Data_2/CAT_000149.xml	CAT_000149	146	1892-06	281	317	Simon Gabay	REVUE DES CURIOSITÉS DE L'HISTOIRE ET DE LA BIOGRAPHIE
file:/Users/gabaysimon/GitHub/Data_2/CAT_000150.xml	CAT_000150	147	1892-06	355	371	Simon Gabay	REVUE DES CURIOSITÉS DE L'HISTOIRE ET DE LA BIOGRAPHIE
file:/Users/gabaysimon/GitHub/Data_2/CAT_000151.xml	CAT_000151	148	1892-10	336	358	Simon Gabay	REVUE DES CURIOSITÉS DE L'HISTOIRE ET DE LA BIOGRAPHIE
file:/Users/gabaysimon/GitHub/Data_2/CAT_000152.xml	CAT_000152	149	1892-11	312	320	Simon Gabay	REVUE DES CURIOSITÉS DE L'HISTOIRE ET DE LA BIOGRAPHIE
file:/Users/gabaysimon/GitHub/Data_2/CAT_000153.xml	CAT_000153	150	1892-12	317	319	Simon Gabay	REVUE DES CURIOSITÉS DE L'HISTOIRE ET DE LA BIOGRAPHIE
file:/Users/gabaysimon/GitHub/Data_2/CAT_000154.xml	CAT_000154	151	1893-01	288	290	Simon Gabay	REVUE DES CURIOSITÉS DE L'HISTOIRE ET DE LA BIOGRAPHIE
file:/Users/gabaysimon/GitHub/Data_2/CAT_000155.xml	CAT_000155	152	1893-02	317	323	Simon Gabay	REVUE DES CURIOSITÉS DE L'HISTOIRE ET DE LA BIOGRAPHIE
file:/Users/gabaysimon/GitHub/Data_2/CAT_000156.xml	CAT_000156	153	1893-03	328	339	Simon Gabay	REVUE DES CURIOSITÉS DE L'HISTOIRE ET DE LA BIOGRAPHIE
file:/Users/gabaysimon/GitHub/Data_2/CAT_000157.xml	CAT_000157	154	1893-04	299	322	Alexandre Bartz	REVUE DES CURIOSITÉS DE L'HISTOIRE ET DE LA BIOGRAPHIE
file:/Users/gabaysimon/GitHub/Data_2/CAT_000158.xml	CAT_000158	155	1893-05	291	310	Caroline Corbière	REVUE DES CURIOSITÉS DE L'HISTOIRE ET DE LA BIOGRAPHIE
file:/Users/gabaysimon/GitHub/Data_2/CAT_000159.xml	CAT_000159	156	1893-06	269	277	Simon Gabay	REVUE DES CURIOSITÉS DE L'HISTOIRE ET DE LA BIOGRAPHIE
file:/Users/gabaysimon/GitHub/Data_2/CAT_000160.xml	CAT_000160	157	1893-07	382	391	Simon Gabay	REVUE DES CURIOSITÉS DE L'HISTOIRE ET DE LA BIOGRAPHIE
file:/Users/gabaysimon/GitHub/Data_2/CAT_000161.xml	CAT_000161			167	181	Simon Gabay	CATAOGUE D'UNE INTERESSANTE COLLECTION DE LETTRES AUTOGRAPHES PROVENANT DU CABINET DE M.P.E.
file:/Users/gabaysimon/GitHub/Data_2/CAT_000162.xml	CAT_000162			161	173	Simon Gabay	Catalogue d'une belle collection de LETTRES AUTOGRAPHES PROVENANT DU CABINET DE M. F. VILLARS
file:/Users/gabaysimon/GitHub/Data_2/CAT_000163.xml	CAT_000163			180	190	Simon Gabay	Catalogue d'une belle collection de LETTRES AUTOGRAPHES ET DE DOCUMENTS HISTORQUES SUR PARIS ET LES PROVINCES
file:/Users/gabaysimon/GitHub/Data_2/CAT_000164.xml	CAT_000164			174	181	Simon Gabay	Catalogue d'une belle collection de LETTRES AUTOGRAPHES PROVENANT D'UN CABINET CONNU
file:/Users/gabaysimon/GitHub/Data_2/CAT_000165.xml	CAT_000165	158	1893-08	281	281	Lucie Rondeau du Noyer	REVUE DES CURIOSITÉS DE L'HISTOIRE ET DE LA BIOGRAPHIE
file:/Users/gabaysimon/GitHub/Data_2/CAT_000166.xml	CAT_000166			410	486	Simon Gabay	CATALOGUE DES LETTRES AUTOGRAPHES, DOCUMENTS HISTORIQUES, CURIOSITES REVEOLUTIONNAIRES, LIVRES, SCEAUX composant le cabinet de M. LE BARON DE GIRARDOT
file:/Users/gabaysimon/GitHub/Data_2/CAT_000167.xml	CAT_000167			115	117	Simon Gabay	CATALOGUE D'UNE INTERESSANTE COLLECTION DE LETTRES AUTOGRAPHES
file:/Users/gabaysimon/GitHub/Data_2/CAT_000168.xml	CAT_000168			173	175	Simon Gabay	Catalogue d’une intéressante collection de LETTRES AUTOGRAPHES
file:/Users/gabaysimon/GitHub/Data_2/CAT_000169.xml	CAT_000169	159	1893-02	291	295	Matthias Gille Levenson	REVUE DES CURIOSITÉS DE L'HISTOIRE ET DE LA BIOGRAPHIE
file:/Users/gabaysimon/GitHub/Data_2/CAT_000170.xml	CAT_000170	160	1893-11	300	307	Simon Gabay	REVUE DES CURIOSITÉS DE L'HISTOIRE ET DE LA BIOGRAPHIE
file:/Users/gabaysimon/GitHub/Data_2/CAT_000171.xml	CAT_000171	161	1893-12	296	306	Alexandre Bartz	Revue des autographes
file:/Users/gabaysimon/GitHub/Data_2/CAT_000172.xml	CAT_000172	162	1894-01	303	324	Alexandre Bartz	Revue des autographes
file:/Users/gabaysimon/GitHub/Data_2/CAT_000173.xml	CAT_000173	163	1894-02	301	317	Alexandre Bartz	Revue des autographes
file:/Users/gabaysimon/GitHub/Data_2/CAT_000174.xml	CAT_000174	174	1893-02	288	302	Matthias Gille Levenson	REVUE DES CURIOSITÉS DE L'HISTOIRE ET DE LA BIOGRAPHIE
file:/Users/gabaysimon/GitHub/Data_2/CAT_000194.xml	CAT_000194	166	1894-05	283	283	Lucie Rondeau du Noyer	REVUE DES CURIOSITÉS DE L'HISTOIRE ET DE LA BIOGRAPHIE
file:/Users/gabaysimon/GitHub/Data_2/CAT_000197.xml	CAT_000197	167	1893-02	298	299	Matthias Gille Levenson	REVUE DES CURIOSITÉS DE L'HISTOIRE ET DE LA BIOGRAPHIE
file:/Users/gabaysimon/GitHub/Data_2/CAT_000198.xml	CAT_000198	168	1893-02	288	293	Matthias Gille Levenson	REVUE DES CURIOSITÉS DE L'HISTOIRE ET DE LA BIOGRAPHIE
file:/Users/gabaysimon/GitHub/Data_2/CAT_000199.xml	CAT_000199	169	1893-02	301	305	Matthias Gille Levenson	REVUE DES CURIOSITÉS DE L'HISTOIRE ET DE LA BIOGRAPHIE
file:/Users/gabaysimon/GitHub/Data_2/CAT_000200.xml	CAT_000200	170	1893-02	290	290	Matthias Gille Levenson	REVUE DES CURIOSITÉS DE L'HISTOIRE ET DE LA BIOGRAPHIE
file:/Users/gabaysimon/GitHub/Data_2/CAT_000221.xml	CAT_000221	161	1894-11	296	306	Alexandre Bartz	Revue des autographes
file:/Users/gabaysimon/GitHub/Data_2/CAT_000222.xml	CAT_000222	172	1894-12	261	267	Alexandre Bartz	Revue des autographes
file:/Users/gabaysimon/GitHub/Data_2/CAT_000224.xml	CAT_000224	173	1895-01	282	289	Alexandre Bartz	Revue des autographes
file:/Users/gabaysimon/GitHub/Data_2/CAT_000225.xml	CAT_000225	174	1895-02	299	318	Alexandre Bartz	Revue des autographes
file:/Users/gabaysimon/GitHub/Data_2/CAT_000226.xml	CAT_000226	175	1895-03	312	312	Lucie Rondeau du Noyer	REVUE DES CURIOSITÉS DE L'HISTOIRE ET DE LA BIOGRAPHIE
file:/Users/gabaysimon/GitHub/Data_2/CAT_000227.xml	CAT_000227	176	1895-04	290	290	Lucie Rondeau du Noyer	REVUE DES CURIOSITÉS DE L'HISTOIRE ET DE LA BIOGRAPHIE
file:/Users/gabaysimon/GitHub/Data_2/CAT_000228.xml	CAT_000228	177	1895-05	302	302	Lucie Rondeau du Noyer	REVUE DES CURIOSITÉS DE L'HISTOIRE ET DE LA BIOGRAPHIE
file:/Users/gabaysimon/GitHub/Data_2/CAT_000229.xml	CAT_000229	178	1895-06	300	300	Lucie Rondeau du Noyer	REVUE DES CURIOSITÉS DE L'HISTOIRE ET DE LA BIOGRAPHIE
file:/Users/gabaysimon/GitHub/Data_2/CAT_000230.xml	CAT_000230	179	1895-07	308	308	Lucie Rondeau du Noyer	REVUE DES CURIOSITÉS DE L'HISTOIRE ET DE LA BIOGRAPHIE
file:/Users/gabaysimon/GitHub/Data_2/CAT_000232.xml	CAT_000232	181	1893-02	301	301	Matthias Gille Levenson	REVUE DES CURIOSITÉS DE L'HISTOIRE ET DE LA BIOGRAPHIE
file:/Users/gabaysimon/GitHub/Data_2/CAT_000233.xml	CAT_000233	182	1893-02	288	291	Matthias Gille Levenson	REVUE DES CURIOSITÉS DE L'HISTOIRE ET DE LA BIOGRAPHIE
file:/Users/gabaysimon/GitHub/Data_2/CAT_000234.xml	CAT_000234	183	1895-12	300	300	Lucie Rondeau du Noyer	REVUE DES CURIOSITÉS DE L'HISTOIRE ET DE LA BIOGRAPHIE
file:/Users/gabaysimon/GitHub/Data_2/CAT_000235.xml	CAT_000235	184	1896-01	306	306	Lucie Rondeau du Noyer	REVUE DES CURIOSITÉS DE L'HISTOIRE ET DE LA BIOGRAPHIE
file:/Users/gabaysimon/GitHub/Data_2/CAT_000236.xml	CAT_000236	185	1896-03	311	310	Lucie Rondeau du Noyer	REVUE DES CURIOSITÉS DE L'HISTOIRE ET DE LA BIOGRAPHIE
file:/Users/gabaysimon/GitHub/Data_2/CAT_000237.xml	CAT_000237	186	1896-04	294	294	Lucie Rondeau du Noyer	REVUE DES CURIOSITÉS DE L'HISTOIRE ET DE LA BIOGRAPHIE
file:/Users/gabaysimon/GitHub/Data_2/CAT_000238.xml	CAT_000238			291	291	Lucie Rondeau du Noyer	
file:/Users/gabaysimon/GitHub/Data_2/CAT_000239.xml	CAT_000239	188	1896-07	290	290	Lucie Rondeau du Noyer	REVUE DES CURIOSITÉS DE L'HISTOIRE ET DE LA BIOGRAPHIE
file:/Users/gabaysimon/GitHub/Data_2/CAT_000326.xml	CAT_000326	198	1893-02	314	319	Matthias Gille Levenson	REVUE DES CURIOSITÉS DE L'HISTOIRE ET DE LA BIOGRAPHIE
file:/Users/gabaysimon/GitHub/Data_2/CAT_000327.xml	CAT_000327	199	1893-02	323	325	Matthias Gille Levenson	REVUE DES CURIOSITÉS DE L'HISTOIRE ET DE LA BIOGRAPHIE
file:/Users/gabaysimon/GitHub/Data_2/CAT_000328.xml	CAT_000328	200	1893-02	323	323	Matthias Gille Levenson	REVUE DES CURIOSITÉS DE L'HISTOIRE ET DE LA BIOGRAPHIE
file:/Users/gabaysimon/GitHub/Data_2/CAT_000329.xml	CAT_000329	201	1893-02	297	298	Matthias Gille Levenson	REVUE DES CURIOSITÉS DE L'HISTOIRE ET DE LA BIOGRAPHIE
Title of the catalogue							
